StudentName1,Prior,Tamietto,Christensen,Boesch,Gozzi,Park,Sherman
StudentName2,Tamietto,Christensen,Gozzi,Onishi & Baillargeon,Moore,Sherman,Pujol
StudentName3,Prior,Boesch,Tamietto,Pujol,Sherman,Moore,Gozzi
StudentName4,Prior,Krupenye,Tamietto,Moore,Christensen,Sherman,Pujol
StudentName5,Tamietto,Adolphs,Moore,Park,Sherman,Onishi & Baillargeon,Christensen
StudentName6,Sherman,Onishi & Baillargeon,Park,Christensen,Moore,Prior,Tamietto
StudentName7,Prior,Tamietto,Christensen,Boesch,Gozzi,Onishi & Baillargeon,Sherman
StudentName8,Prior,Park,Sherman,Tamietto,Moore,Pujol,Adolphs
StudentName9,Prior,Tamietto,Sherman,Park,Moore,Christensen,Pujol
StudentName10,Adolphs,Tamietto,Moore,Christensen,Gozzi,Pujol,Sherman
StudentName11,Prior,Sherman,Adolphs,Tamietto,Boesch,Onishi & Baillargeon,Park
StudentName12,Prior,Adolphs,Christensen,Boesch,Park,Sherman,Pujol
StudentName13,Prior,Krupenye,Adolphs,Tamietto,Moore,Christensen,Boesch
StudentName14,Christensen,Boesch,Gozzi,Park,Krupenye,Sherman,Onishi & Baillargeon
StudentName15,Prior,Adolphs,Tamietto,Christensen,Boesch,Onishi & Baillargeon,Sherman
StudentName16,Prior,Tamietto,Gozzi,Sherman,Pujol,Adolphs,Park
StudentName17,Adolphs,Tamietto,Moore,Christensen,Park,Pujol,Sherman
StudentName18,Sherman,Onishi & Baillargeon,Park,Krupenye,Boesch,Tamietto,Boesch
StudentName19,Gozzi,Pujol,Sherman,Park,Onishi & Baillargeon,Adolphs,Moore
StudentName20,Gozzi,Pujol,Tamietto,Onishi & Baillargeon,Moore,Christensen,Prior
StudentName21,Prior,Tamietto,Moore,Christensen,Gozzi,Onishi & Baillargeon,Sherman
StudentName22,Prior,Adolphs,Moore,Tamietto,Gozzi,Sherman,Onishi & Baillargeon
StudentName23,Sherman,Park,Gozzi,Pujol,Moore,Onishi & Baillargeon,Boesch
StudentName24,Adolphs,Moore,Boesch,Park,Pujol,Sherman,Onishi & Baillargeon
StudentName25,Prior,Gozzi,Boesch,Moore,Tamietto,Onishi & Baillargeon,Sherman
StudentName26,Prior,Boesch,Tamietto,Pujol,Sherman,Moore,Gozzi
StudentName27,Prior,Adolphs,Tamietto,Moore,Gozzi,Pujol,Sherman
StudentName28,Krupenye,Tamietto,Moore,Christensen,Park,Pujol,Sherman
StudentName29,Onishi & Baillargeon,Tamietto,Moore,Christensen,Boesch,Gozzi,Park
StudentName30,Tamietto,Gozzi,Adolphs,Park,Pujol,Christensen,Sherman
StudentName31,Sherman,Boesch,Prior,Krupenye,Park,Onishi & Baillargeon,Christensen
StudentName32,Krupenye,Prior,Adolphs,Tamietto,Boesch,Sherman,Gozzi
StudentName33,Tamietto,Sherman,Prior,Pujol,Boesch,Moore,Gozzi
StudentName34,Tamietto,Prior,Boesch,Sherman,Adolphs,Moore,Pujol
StudentName35,Prior,Krupenye,Adolphs,Tamietto,Moore,Christensen,Boesch
StudentName36,Krupenye,Adolphs,Onishi & Baillargeon,Park,Pujol,Gozzi,Boesch
